{"cameraMode":{"drawMode":0,"name":"Shaded","section":"Shading Mode"},"sceneLighting":false,"audioPlay":false,"sceneViewState":{"showFog":true,"showMaterialUpdate":false,"showSkybox":false,"showFlares":true,"showImageEffects":true,"showParticleSystems":true},"in2DMode":false,"pivot":{"x":-5.5260210037231449,"y":3.693443775177002,"z":-19.805065155029298},"rotation":{"x":0.2620222270488739,"y":-0.13695238530635835,"z":0.037592899054288867,"w":0.9545551538467407},"size":5.991324424743652,"orthographic":false}