{"cameraMode":{"drawMode":0,"name":"Shaded","section":"Shading Mode"},"sceneLighting":false,"audioPlay":false,"sceneViewState":{"showFog":true,"showMaterialUpdate":false,"showSkybox":false,"showFlares":true,"showImageEffects":true,"showParticleSystems":true},"in2DMode":false,"pivot":{"x":-3.773679256439209,"y":1.934175968170166,"z":45.066925048828128},"rotation":{"x":0.2157735377550125,"y":-0.011716989800333977,"z":0.002589405979961157,"w":0.9763695001602173},"size":4.1086955070495609,"orthographic":false}