{"cameraMode":{"drawMode":0,"name":"Shaded","section":"Shading Mode"},"sceneLighting":true,"audioPlay":false,"sceneViewState":{"showFog":true,"showMaterialUpdate":false,"showSkybox":true,"showFlares":true,"showImageEffects":true,"showParticleSystems":true},"in2DMode":false,"pivot":{"x":-22.256179809570314,"y":-17.96462631225586,"z":0.8235015869140625},"rotation":{"x":-0.1524295061826706,"y":0.05984977260231972,"z":-0.009248100221157074,"w":-0.9864572882652283},"size":125.09337615966797,"orthographic":false}