{"cameraMode":{"drawMode":0,"name":"Shaded","section":"Shading Mode"},"sceneLighting":true,"audioPlay":false,"sceneViewState":{"showFog":false,"showMaterialUpdate":false,"showSkybox":false,"showFlares":false,"showImageEffects":false,"showParticleSystems":false},"in2DMode":false,"pivot":{"x":0.0,"y":0.9299999475479126,"z":3.799999952316284},"rotation":{"x":0.08477755635976792,"y":0.020922908559441568,"z":-0.0017806347459554673,"w":0.9961783289909363},"size":0.709541916847229,"orthographic":false}