{"cameraMode":{"drawMode":0,"name":"Shaded","section":"Shading Mode"},"sceneLighting":false,"audioPlay":false,"sceneViewState":{"showFog":false,"showMaterialUpdate":false,"showSkybox":false,"showFlares":false,"showImageEffects":false,"showParticleSystems":false},"in2DMode":false,"pivot":{"x":-3.5899996757507326,"y":1.2999999523162842,"z":45.29999923706055},"rotation":{"x":0.4633967876434326,"y":0.22393262386322022,"z":-0.12227962911128998,"w":0.8486260771751404},"size":3.98604154586792,"orthographic":false}