{"cameraMode":{"drawMode":0,"name":"Shaded","section":"Shading Mode"},"sceneLighting":false,"audioPlay":false,"sceneViewState":{"showFog":false,"showMaterialUpdate":false,"showSkybox":false,"showFlares":false,"showImageEffects":false,"showParticleSystems":false},"in2DMode":false,"pivot":{"x":6.003291130065918,"y":-1.1673710346221924,"z":-85.05000305175781},"rotation":{"x":0.4633967876434326,"y":0.22393262386322022,"z":-0.12227962911128998,"w":0.8486260771751404},"size":6.031462669372559,"orthographic":false}