{"cameraMode":{"drawMode":0,"name":"Shaded","section":"Shading Mode"},"sceneLighting":false,"audioPlay":false,"sceneViewState":{"showFog":false,"showMaterialUpdate":false,"showSkybox":false,"showFlares":false,"showImageEffects":false,"showParticleSystems":false},"in2DMode":false,"pivot":{"x":-3.4545488357543947,"y":4.189697265625,"z":-96.34043884277344},"rotation":{"x":0.4633967876434326,"y":0.22393262386322022,"z":-0.12227962911128998,"w":0.8486260771751404},"size":3.9977376461029054,"orthographic":false}